{"cameraMode":{"drawMode":0,"name":"Shaded","section":"Shading Mode"},"sceneLighting":false,"audioPlay":false,"sceneViewState":{"showFog":true,"showMaterialUpdate":false,"showSkybox":false,"showFlares":true,"showImageEffects":true,"showParticleSystems":true},"in2DMode":false,"pivot":{"x":-3.7734947204589845,"y":0.7295799255371094,"z":-1.7440972328186036},"rotation":{"x":-0.3379262685775757,"y":-0.6414673924446106,"z":0.3754139244556427,"w":-0.577404260635376},"size":8.597433090209961,"orthographic":false}