{"cameraMode":{"drawMode":0,"name":"Shaded","section":"Shading Mode"},"sceneLighting":true,"audioPlay":false,"sceneViewState":{"showFog":true,"showMaterialUpdate":false,"showSkybox":false,"showFlares":true,"showImageEffects":true,"showParticleSystems":true},"in2DMode":false,"pivot":{"x":0.25369352102279665,"y":15.681459426879883,"z":5.988152027130127},"rotation":{"x":-0.2790566086769104,"y":-0.6642401814460754,"z":0.29543447494506838,"w":-0.6274043917655945},"size":12.12435531616211,"orthographic":false}